{"cameraMode":{"drawMode":0,"name":"Shaded","section":"Shading Mode"},"sceneLighting":true,"audioPlay":false,"sceneViewState":{"showFog":false,"showMaterialUpdate":false,"showSkybox":false,"showFlares":false,"showImageEffects":false,"showParticleSystems":false},"in2DMode":false,"pivot":{"x":-1.1920928955078126e-7,"y":2.286165237426758,"z":90.46119689941406},"rotation":{"x":-0.08359327167272568,"y":-0.8515897393226624,"z":0.1431080847978592,"w":-0.497349351644516},"size":4.008181095123291,"orthographic":true}