{"cameraMode":{"drawMode":0,"name":"Shaded","section":"Shading Mode"},"sceneLighting":false,"audioPlay":false,"sceneViewState":{"showFog":false,"showMaterialUpdate":false,"showSkybox":false,"showFlares":false,"showImageEffects":false,"showParticleSystems":false},"in2DMode":false,"pivot":{"x":1.075284719467163,"y":1.3844518661499024,"z":-0.10979978740215302},"rotation":{"x":-0.030823495239019395,"y":0.9351550936698914,"z":0.08410037308931351,"w":0.34273791313171389},"size":10.0,"orthographic":false}