{"cameraMode":{"drawMode":0,"name":"Shaded","section":"Shading Mode"},"sceneLighting":false,"audioPlay":false,"sceneViewState":{"showFog":false,"showMaterialUpdate":false,"showSkybox":false,"showFlares":false,"showImageEffects":false,"showParticleSystems":false},"in2DMode":false,"pivot":{"x":11.234485626220704,"y":4.532644748687744,"z":8.093404769897461},"rotation":{"x":0.02332049049437046,"y":-0.9748780727386475,"z":0.18376252055168153,"w":0.12377990782260895},"size":34.677574157714847,"orthographic":false}