{"cameraMode":{"drawMode":0,"name":"Shaded","section":"Shading Mode"},"sceneLighting":false,"audioPlay":false,"sceneViewState":{"showFog":false,"showMaterialUpdate":false,"showSkybox":false,"showFlares":false,"showImageEffects":false,"showParticleSystems":false},"in2DMode":false,"pivot":{"x":-0.029224395751953126,"y":7.301714897155762,"z":-0.029224395751953126},"rotation":{"x":-0.02944060228765011,"y":0.9129441976547241,"z":-0.40148022770881655,"w":-0.06694614142179489},"size":11.22578239440918,"orthographic":false}