{"cameraMode":{"drawMode":0,"name":"Shaded","section":"Shading Mode"},"sceneLighting":true,"audioPlay":false,"sceneViewState":{"showFog":false,"showMaterialUpdate":false,"showSkybox":false,"showFlares":false,"showImageEffects":false,"showParticleSystems":false},"in2DMode":false,"pivot":{"x":0.0,"y":1.0631346702575684,"z":-0.07910823822021485},"rotation":{"x":0.0007092344458214939,"y":0.9714862108230591,"z":0.0029147875029593708,"w":-0.2371092140674591},"size":7.079360485076904,"orthographic":true}