{"cameraMode":{"drawMode":0,"name":"Shaded","section":"Shading Mode"},"sceneLighting":false,"audioPlay":false,"sceneViewState":{"showFog":false,"showMaterialUpdate":false,"showSkybox":false,"showFlares":false,"showImageEffects":false,"showParticleSystems":false},"in2DMode":false,"pivot":{"x":-0.00003838539123535156,"y":3.190000057220459,"z":90.0},"rotation":{"x":-0.26506057381629946,"y":0.20151086151599885,"z":-0.05674799159169197,"w":-0.9412363171577454},"size":0.8660253882408142,"orthographic":true}