{"cameraMode":{"drawMode":0,"name":"Shaded","section":"Shading Mode"},"sceneLighting":false,"audioPlay":false,"sceneViewState":{"showFog":false,"showMaterialUpdate":false,"showSkybox":false,"showFlares":false,"showImageEffects":false,"showParticleSystems":false},"in2DMode":false,"pivot":{"x":1.8459970951080323,"y":0.5642820596694946,"z":2.4968550205230715},"rotation":{"x":-0.022827886044979097,"y":0.8065552115440369,"z":0.03122745268046856,"w":0.5899094343185425},"size":2.927002429962158,"orthographic":false}