{"cameraMode":{"drawMode":0,"name":"Shaded","section":"Shading Mode"},"sceneLighting":false,"audioPlay":false,"sceneViewState":{"showFog":false,"showMaterialUpdate":false,"showSkybox":false,"showFlares":false,"showImageEffects":false,"showParticleSystems":false},"in2DMode":false,"pivot":{"x":-0.12355595827102661,"y":1.926592230796814,"z":0.1743457317352295},"rotation":{"x":0.05762844160199165,"y":0.5969993472099304,"z":-0.04305846616625786,"w":0.7990177869796753},"size":6.155838489532471,"orthographic":true}