{"cameraMode":{"drawMode":0,"name":"Shaded","section":"Shading Mode"},"sceneLighting":false,"audioPlay":false,"sceneViewState":{"showFog":false,"showMaterialUpdate":false,"showSkybox":false,"showFlares":false,"showImageEffects":false,"showParticleSystems":false},"in2DMode":false,"pivot":{"x":0.0,"y":0.9391860365867615,"z":0.007325172424316406},"rotation":{"x":-0.003509678179398179,"y":0.9955847859382629,"z":-0.0841364935040474,"w":-0.04153885319828987},"size":3.267472743988037,"orthographic":false}