{"cameraMode":{"drawMode":0,"name":"Shaded","section":"Shading Mode"},"sceneLighting":true,"audioPlay":false,"sceneViewState":{"showFog":false,"showMaterialUpdate":false,"showSkybox":false,"showFlares":false,"showImageEffects":false,"showParticleSystems":false},"in2DMode":false,"pivot":{"x":0.0,"y":1.0631346702575684,"z":-0.07910823822021485},"rotation":{"x":-0.1981811672449112,"y":-0.0026541100814938547,"z":0.0005209882510825992,"w":-0.9801739454269409},"size":3.0617361068725588,"orthographic":true}