{"cameraMode":{"drawMode":0,"name":"Shaded","section":"Shading Mode"},"sceneLighting":false,"audioPlay":false,"sceneViewState":{"showFog":false,"showMaterialUpdate":false,"showSkybox":false,"showFlares":false,"showImageEffects":false,"showParticleSystems":false},"in2DMode":false,"pivot":{"x":0.0,"y":1.5341540575027466,"z":0.461193323135376},"rotation":{"x":-0.26762714982032778,"y":-0.18132705986499787,"z":0.05135655775666237,"w":-0.9449169635772705},"size":3.9161157608032228,"orthographic":true}